<?xml version="1.0" encoding="UTF-8"?>
<rss version="2.0" xmlns:ror="http://rorweb.com/0.1/" >
<channel>
  <title>ROR Sitemap for http://www.cliffwu.url.tw/</title>
  <link>http://www.cliffwu.url.tw/</link>

<item>
     <link>http://www.cliffwu.url.tw/</link>
     <title>承頴旅遊網-首頁</title>
     <description>全歐洲各國自由行攻略，詳細景點介紹，人文特色介紹。資料齊全，可輕鬆找到所有需要的旅遊資訊</description>
     <ror:updatePeriod></ror:updatePeriod>
     <ror:sortOrder>0</ror:sortOrder>
     <ror:resourceOf>sitemap</ror:resourceOf>
</item>
<item>
     <link>http://www.cliffwu.url.tw/index.html</link>
     <title>承頴旅遊網-首頁</title>
     <description>全歐洲各國自由行攻略，詳細景點介紹，人文特色介紹。資料齊全，可輕鬆找到所有需要的旅遊資訊</description>
     <ror:updatePeriod></ror:updatePeriod>
     <ror:sortOrder>1</ror:sortOrder>
     <ror:resourceOf>sitemap</ror:resourceOf>
</item>
<item>
     <link>http://www.cliffwu.url.tw/about.html</link>
     <title>承頴旅遊網-關於品牌</title>
     <description>承頴旅遊網，曾拿下2017.2018台灣國內旅遊大獎，介紹品牌理念與初衷</description>
     <ror:updatePeriod></ror:updatePeriod>
     <ror:sortOrder>1</ror:sortOrder>
     <ror:resourceOf>sitemap</ror:resourceOf>
</item>
<item>
     <link>http://www.cliffwu.url.tw/viewpoint.html</link>
     <title>承頴旅遊網-景點介紹</title>
     <description>承穎旅遊網，歐洲各個大景點的攻略與介紹，簡明扼要其中的文化與歷史</description>
     <ror:updatePeriod></ror:updatePeriod>
     <ror:sortOrder>1</ror:sortOrder>
     <ror:resourceOf>sitemap</ror:resourceOf>
</item>
<item>
     <link>http://www.cliffwu.url.tw/hotel.html</link>
     <title>承頴旅遊網-住宿資訊</title>
     <description>承穎旅遊網，歐洲各地的旅遊住宿資訊，詳細了解各地住房資訊，飯店規則，以及個國差異</description>
     <ror:updatePeriod></ror:updatePeriod>
     <ror:sortOrder>1</ror:sortOrder>
     <ror:resourceOf>sitemap</ror:resourceOf>
</item>
<item>
     <link>http://www.cliffwu.url.tw/safe.html</link>
     <title>承頴旅遊網-旅遊安全</title>
     <description>承穎旅遊網，歐洲各個大景點的旅遊產品的規劃，針對各地的旅遊安全資訊介紹與提醒注意事項</description>
     <ror:updatePeriod></ror:updatePeriod>
     <ror:sortOrder>1</ror:sortOrder>
     <ror:resourceOf>sitemap</ror:resourceOf>
</item>
<item>
     <link>http://www.cliffwu.url.tw/sitemap.html</link>
     <title>www.cliffwu.url.tw Site Map - Generated by www.xml-sitemaps.com</title>
     <description>www.cliffwu.url.tw Site Map - Generated by www.xml-sitemaps.com</description>
     <ror:updatePeriod></ror:updatePeriod>
     <ror:sortOrder>1</ror:sortOrder>
     <ror:resourceOf>sitemap</ror:resourceOf>
</item>
</channel>
</rss>
  